air;air;air;air;air;air;air;air;air;air;air;air;air;air;air;air;air;air;air;air;air;air;air;air;air;air;air;air;air;air;air;air;air;air;air;air;air;air;air;air;air;air;air;air;air;air;air;air;air;air;air;air;air;air;air;air;air;air;air;air;air;air;air;air;air;air;air;air;air;air;air;air;air;air;air;air;air;air;air;air;air;air;air;air;air;air;air;air;air;air;air;air;air;air;air;air;air;air;air;air;air;air;air;air;air;air;air;air;air;air;air;air;air;air;air;air;air;air;air;air;air;air;air;air;air;air;air;air;air;air;air;air;air;air;air;air;air;air;air;air;air;air;air;air;air;air;air;air;air;air;air;air;air;air;air;air;air;air;air;air;air;air;air;air;air;air;air;air;air;air;air;air;air;air;air;air;air;air;air;air;air;air;air
air;air;air;air;air;air;air;air;air;air;air;air;air;air;air;air;air;air;air;air;air;air;air;air;air;air;air;air;air;air;air;air;air;air;air;air;air;air;air;air;air;air;air;air;air;air;air;air;air;air;air;air;air;air;air;air;air;air;air;air;air;air;air;air;air;air;air;air;air;air;air;air;air;air;air;air;air;air;air;air;air;air;air;air;air;air;air;air;upgrade;upgrade;upgrade;upgrade;upgrade;air;air;air;air;air;upgrade;upgrade;upgrade;upgrade;upgrade;air;air;air;air;air;air;air;air;air;air;air;air;air;air;air;air;air;air;air;air;air;air;air;air;air;air;air;air;air;air;air;air;air;air;air;air;air;air;air;air;air;air;air;air;air;air;air;air;air;air;air;air;air;air;air;air;air;air;air;air;air;air;air;air;air;air;air;air;air;air;air;air;air;air;air;air;air;air;air;air
air;air;air;air;air;air;air;air;air;air;air;air;air;air;air;air;air;air;air;air;air;air;air;air;air;air;air;air;air;air;air;air;air;air;air;air;air;air;air;air;air;air;air;air;air;air;air;air;air;air;air;air;air;air;air;air;air;air;air;air;air;air;air;air;air;air;air;air;air;air;air;air;air;air;air;air;air;air;air;air;air;air;air;air;air;air;air;air;air;air;air;air;air;air;air;air;air;air;air;air;air;air;air;air;air;air;air;air;air;air;air;air;air;air;air;air;air;air;air;air;air;air;air;air;air;air;air;air;air;air;air;air;air;air;air;air;air;air;air;air;air;air;air;air;air;air;air;air;air;air;air;air;air;air;air;air;air;air;air;air;air;air;air;air;air;air;air;air;air;air;air;air;air;air;air;air;air;air;air;air;air;air;air
air;air;air;air;air;air;air;air;air;air;air;air;air;air;air;air;air;air;air;air;air;air;air;air;air;air;air;air;air;air;air;air;air;air;air;air;air;air;air;air;air;air;air;air;air;air;air;air;air;air;air;air;air;air;air;air;air;air;air;air;air;air;air;air;air;air;air;air;air;air;air;air;air;air;air;air;air;air;air;air;air;air;air;air;air;air;air;air;air;air;air;air;air;air;air;air;air;air;air;air;air;air;air;air;air;air;air;air;air;air;air;air;air;air;air;air;air;air;air;air;air;air;air;air;air;air;air;air;air;air;air;air;air;air;air;air;air;air;air;air;air;air;air;air;air;air;air;air;air;air;air;air;air;air;air;air;air;air;air;air;air;air;air;air;air;air;air;air;air;air;air;air;air;air;air;air;air;air;air;air;air;air;air
air;air;air;air;air;air;air;air;air;air;air;air;air;air;air;air;air;air;air;air;air;air;air;air;air;air;air;air;air;air;air;air;air;air;air;air;air;air;air;air;air;air;air;air;air;air;air;air;air;air;air;air;air;air;air;air;air;air;air;air;air;air;air;air;air;air;air;air;air;air;air;air;air;air;air;air;air;air;air;air;air;air;air;air;air;air;air;bricks;bricks;bricks;bricks;bricks;bricks;bricks;air;air;air;bricks;bricks;bricks;bricks;bricks;bricks;bricks;air;air;air;air;air;air;air;air;air;air;air;air;air;air;air;air;air;air;air;air;air;air;air;air;air;air;air;air;air;air;air;air;air;air;air;air;air;air;air;air;air;air;air;air;air;air;air;air;air;air;air;air;air;air;air;air;air;air;air;air;air;air;air;air;air;air;air;air;air;air;air;air;air;air;air;air;air;air;air
air;air;air;air;air;air;air;air;air;air;air;air;air;air;air;air;air;air;air;air;air;air;air;air;air;air;air;air;air;air;air;air;air;air;air;air;air;air;air;air;air;air;air;air;air;air;air;air;air;air;air;air;air;air;air;air;air;air;air;air;air;air;air;air;air;air;air;air;air;air;air;air;air;air;air;air;air;air;air;air;air;air;air;air;air;bricks;bricks;bricks;bricks;bricks;bricks;bricks;bricks;bricks;air;air;air;bricks;bricks;bricks;bricks;bricks;bricks;bricks;bricks;bricks;air;air;air;air;air;air;air;air;air;air;air;air;air;air;air;air;air;air;air;air;air;air;air;air;air;air;air;air;air;air;air;air;air;air;air;air;air;air;air;air;air;air;air;air;air;air;air;air;air;air;air;air;air;air;air;air;air;air;air;air;air;air;air;air;air;air;air;air;air;air;air;air;air;air;air;air;air
air;air;air;air;air;air;air;air;air;air;air;air;air;air;air;air;air;air;air;air;air;air;air;air;air;air;air;air;air;air;air;air;air;air;air;air;air;air;air;air;air;air;air;air;air;air;air;air;air;air;air;air;air;air;air;air;air;air;air;air;air;air;air;air;air;air;air;air;air;air;air;air;air;air;air;air;air;air;air;air;air;air;air;bricks;bricks;bricks;bricks;bricks;bricks;bricks;bricks;bricks;bricks;bricks;air;crate;air;bricks;bricks;bricks;bricks;bricks;bricks;bricks;bricks;bricks;bricks;bricks;air;air;air;air;air;air;air;air;air;air;air;air;air;air;air;air;air;air;air;air;air;air;air;air;air;air;air;air;air;air;air;air;air;air;air;air;air;air;air;air;air;air;air;air;air;air;air;air;air;air;air;air;air;air;air;air;air;air;air;air;air;air;air;air;air;air;air;air;air;air;air;air;air;air;air
air;air;air;air;air;air;air;air;air;air;air;air;air;air;air;air;air;air;air;air;air;air;air;air;air;air;air;air;air;air;air;air;air;air;air;air;air;air;air;air;air;air;air;air;air;air;air;air;air;air;air;air;air;air;air;air;air;air;air;air;air;air;air;air;air;air;air;air;air;air;air;air;air;air;air;air;air;air;air;air;air;bricks;bricks;bricks;bricks;bricks;bricks;bricks;bricks;bricks;bricks;bricks;bricks;bricks;air;air;air;bricks;bricks;bricks;bricks;bricks;bricks;bricks;bricks;bricks;bricks;bricks;bricks;bricks;air;air;air;air;air;air;air;air;air;air;air;air;air;air;air;air;air;air;air;air;air;air;air;air;air;air;air;air;air;air;air;air;air;air;air;air;air;air;air;air;air;air;air;air;air;air;air;air;air;air;air;air;air;air;air;air;air;air;air;air;air;air;air;air;air;air;air;air;air;air;air;air;air
air;air;air;air;air;air;air;air;air;air;air;air;air;air;air;air;air;air;air;air;air;air;air;air;air;air;air;air;air;air;air;air;air;air;air;air;air;air;air;air;air;air;air;air;air;air;air;air;air;air;air;air;air;air;air;air;air;air;air;air;air;air;air;air;air;air;air;air;air;air;air;air;air;air;air;air;air;air;air;bricks;bricks;bricks;bricks;bricks;bricks;bricks;bricks;bricks;bricks;bricks;bricks;bricks;bricks;bricks;air;air;air;bricks;bricks;bricks;bricks;bricks;bricks;bricks;bricks;bricks;bricks;bricks;bricks;bricks;bricks;bricks;air;air;air;air;air;air;air;air;air;air;air;air;air;air;air;air;air;air;air;air;air;air;air;air;air;air;air;air;air;air;air;air;air;air;air;air;air;air;air;air;air;air;air;air;air;air;air;air;air;air;air;air;air;air;air;air;air;air;air;air;air;air;air;air;air;air;air;air;air;air;air
air;air;air;air;air;air;air;air;air;air;air;air;air;air;air;air;air;air;air;air;air;air;air;air;air;air;air;air;air;air;air;air;air;air;air;air;air;air;air;air;air;air;air;air;air;air;air;air;air;air;air;air;air;air;air;air;air;air;air;air;air;air;air;air;air;air;air;air;air;air;air;air;air;air;air;air;air;air;air;bricks;bricks;bricks;bricks;bricks;bricks;bricks;bricks;bricks;bricks;bricks;bricks;bricks;bricks;bricks;air;air;air;bricks;bricks;bricks;bricks;bricks;bricks;bricks;bricks;bricks;bricks;bricks;bricks;bricks;bricks;bricks;air;air;air;air;air;air;air;air;air;air;air;air;air;air;air;air;air;air;air;air;air;air;air;air;air;air;air;air;air;air;air;air;air;air;air;air;air;air;air;air;air;air;air;air;air;air;air;air;air;air;air;air;air;air;air;air;air;air;air;air;air;air;air;air;air;air;air;air;air;air;air
air;air;air;air;air;air;air;air;air;air;air;air;air;air;air;air;air;air;air;air;air;air;air;air;air;air;air;air;air;air;air;air;air;air;air;air;air;air;air;air;air;air;air;air;air;air;air;air;air;air;air;air;air;air;air;air;air;air;air;air;air;air;air;air;air;air;air;air;air;air;air;air;air;air;air;air;air;air;air;air;air;air;air;air;air;air;air;air;air;air;air;air;air;air;air;crate;air;air;air;air;air;air;air;air;air;air;air;air;air;air;air;air;air;air;air;air;air;air;air;air;air;air;air;air;air;air;air;air;air;air;air;air;air;air;air;air;air;air;air;air;air;air;air;air;air;air;air;air;air;air;air;air;air;air;air;air;air;air;air;air;air;air;air;air;air;air;air;air;air;air;air;air;air;air;air;air;air;air;air;air;air;air;air
air;air;air;air;air;air;air;air;air;air;air;air;air;air;air;air;air;air;air;air;air;air;air;air;air;air;air;air;air;air;air;air;air;air;air;air;air;air;air;air;air;air;air;air;air;air;air;air;air;air;air;air;air;air;air;air;air;air;air;air;air;air;air;air;air;air;air;air;air;air;air;air;air;air;air;air;air;air;air;air;air;air;air;air;air;air;air;air;air;air;air;air;air;air;air;air;air;air;air;air;air;air;air;air;air;air;air;air;air;air;air;air;air;air;air;air;air;air;air;air;air;air;air;air;air;air;air;air;air;air;air;air;air;air;air;air;air;air;air;air;air;air;air;air;air;air;air;air;air;air;air;air;air;air;air;air;air;air;air;air;air;air;air;air;air;air;air;air;air;air;air;air;air;air;air;air;air;air;air;air;air;air;air
air;air;air;air;air;air;air;air;air;air;air;air;air;air;air;air;air;air;air;air;air;air;air;air;air;air;air;air;air;air;air;air;air;air;air;air;air;air;air;air;air;air;air;air;air;air;air;air;air;air;air;air;air;air;air;air;air;air;air;air;air;air;air;air;air;air;air;air;air;air;air;air;air;air;air;air;air;air;air;air;air;air;air;air;air;air;air;air;air;air;air;air;air;air;air;air;air;air;air;air;air;air;air;air;air;air;air;air;air;air;air;air;air;air;air;air;air;air;air;air;air;air;air;air;air;air;air;air;air;air;air;air;air;air;air;air;air;air;air;air;air;air;air;air;air;air;air;air;air;air;air;air;air;air;air;air;air;air;air;air;air;air;air;air;air;air;air;air;air;air;air;air;air;air;air;air;air;air;air;air;air;air;air
air;air;air;air;air;air;air;air;air;air;air;air;air;air;air;air;air;air;air;air;air;air;air;air;air;air;air;air;air;air;air;air;air;air;air;air;air;air;air;air;air;air;air;air;air;air;air;air;air;air;air;air;air;air;air;air;air;air;air;air;air;air;air;air;air;air;air;air;air;air;air;air;air;air;air;air;air;air;air;air;air;air;air;air;air;air;air;air;air;air;air;air;air;air;air;air;air;air;air;air;air;air;air;air;air;air;air;air;air;air;air;air;air;air;air;air;air;air;air;air;air;air;air;air;air;air;air;air;air;air;air;air;air;air;air;air;air;air;air;air;air;air;air;air;air;air;air;air;air;air;air;air;air;air;air;air;air;air;air;air;air;air;air;air;air;air;air;air;air;air;air;air;air;air;air;air;air;air;air;air;air;air;air
air;air;air;air;air;air;air;air;air;air;air;air;air;air;air;air;air;air;air;air;air;air;air;air;air;air;air;air;air;air;air;air;air;upgrade;air;air;upgrade;air;air;air;air;air;air;air;air;air;air;air;air;air;air;air;air;air;air;air;air;air;air;air;air;air;air;air;air;air;air;air;air;air;air;air;air;air;air;air;air;air;air;air;air;air;air;air;air;air;air;air;air;air;air;air;air;air;air;crate;air;air;air;air;air;air;air;air;air;air;air;air;air;air;air;air;air;air;air;air;air;air;air;air;air;air;air;air;air;air;air;air;air;air;air;air;air;air;air;air;air;air;air;air;air;air;air;air;air;air;air;air;air;air;air;air;air;air;air;air;air;air;air;air;air;air;air;air;air;air;air;air;air;air;air;air;air;air;air;air;air;air;air;air;air;air;air
air;air;air;air;air;air;air;air;air;air;air;air;air;air;air;air;air;air;air;air;air;air;air;air;air;air;air;air;air;air;air;air;air;air;air;air;air;air;air;air;air;air;air;air;air;air;air;air;air;air;air;air;air;air;air;air;air;air;air;air;air;air;air;air;air;air;air;air;air;air;air;air;air;air;air;air;air;air;air;air;air;air;air;air;air;air;air;air;air;air;air;air;air;air;air;air;air;air;air;air;air;air;air;air;air;air;air;air;air;air;air;air;air;air;air;air;air;air;air;air;air;air;air;air;air;air;air;air;air;air;air;air;air;air;air;air;air;air;air;air;air;air;air;air;air;air;air;air;air;air;air;air;air;air;air;air;air;air;air;air;air;air;air;air;air;air;air;air;air;air;air;air;air;air;air;air;air;air;air;air;air;air;air
air;air;air;air;air;air;air;air;air;air;air;air;air;air;air;air;air;air;air;air;air;air;air;air;air;air;air;air;air;air;air;air;air;air;air;air;air;air;air;air;air;air;air;air;air;air;air;air;air;air;air;air;air;air;air;air;air;air;air;air;air;air;air;air;air;air;air;air;air;air;air;air;air;air;air;air;air;air;air;bricks;bricks;bricks;bricks;bricks;bricks;bricks;bricks;bricks;bricks;bricks;bricks;bricks;bricks;bricks;bricks;bricks;bricks;bricks;bricks;bricks;bricks;bricks;bricks;bricks;bricks;bricks;bricks;bricks;bricks;bricks;bricks;bricks;air;air;air;air;air;air;air;air;air;air;air;air;air;air;air;air;air;air;air;air;air;air;air;air;air;air;air;air;air;air;air;air;air;air;air;air;air;air;air;air;air;air;air;air;air;air;air;air;air;air;air;air;air;air;air;air;air;air;air;air;air;air;air;air;air;air;air;air;air;air;air
air;air;air;air;air;air;air;air;air;air;air;air;air;air;air;air;air;air;air;air;air;air;air;air;air;air;air;grass;grass;grass;air;air;air;air;air;air;air;air;air;air;air;air;air;air;air;air;air;air;air;air;air;air;air;air;air;air;air;air;air;air;air;air;air;air;air;air;air;air;air;air;air;air;air;air;air;air;air;air;bricks;bricks;bricks;bricks;bricks;bricks;bricks;bricks;bricks;bricks;bricks;bricks;bricks;bricks;bricks;bricks;bricks;bricks;bricks;bricks;bricks;bricks;bricks;bricks;bricks;bricks;bricks;bricks;bricks;bricks;bricks;bricks;bricks;bricks;bricks;air;air;air;air;air;air;air;air;upgrade;air;air;air;air;air;air;air;air;air;air;air;air;air;air;air;air;air;air;air;air;air;air;air;air;air;air;air;air;air;air;air;air;air;air;air;air;air;air;air;air;air;air;air;air;air;air;air;air;air;air;air;air;air;air;air;air;air;air;air;air;air
air;air;air;air;air;air;air;air;air;air;air;air;air;air;air;air;air;air;air;air;air;air;air;air;air;air;air;dirt;dirt;dirt;air;air;grass;air;grass;air;air;grass;air;air;air;air;air;air;air;air;grass;grass;air;air;air;air;air;air;air;air;air;air;air;air;air;air;air;air;air;air;air;air;air;air;air;air;air;air;air;air;air;air;air;air;air;air;air;air;air;air;air;air;air;air;air;air;air;air;air;air;air;air;air;air;air;air;air;air;air;air;air;air;air;air;air;air;air;air;air;air;air;air;air;air;air;air;air;air;air;air;air;air;air;air;air;air;air;air;air;air;air;air;air;air;air;air;air;air;air;air;air;air;air;air;air;air;air;air;air;air;air;air;air;air;air;air;air;air;air;air;air;air;air;air;air;air;air;air;air;air;air;air;air;air;air;air;air
air;air;air;air;air;air;grass;grass;air;air;air;air;air;air;air;air;air;grass;grass;grass;air;air;air;air;air;air;air;dirt;dirt;dirt;air;air;air;air;air;air;air;air;air;air;air;air;air;upgrade;air;air;dirt;dirt;air;air;air;air;air;air;air;air;air;air;air;air;air;air;air;air;air;air;air;air;air;air;air;air;air;upgrade;air;air;air;air;air;air;air;air;air;air;air;air;air;air;air;air;air;air;air;air;upgrade;air;air;air;air;air;air;air;air;air;air;air;air;air;air;air;air;air;air;air;air;air;air;air;air;air;air;air;air;air;air;air;air;air;air;air;air;air;air;air;air;air;air;air;air;air;air;upgrade;air;air;air;air;air;air;air;air;air;air;air;air;air;air;air;air;air;air;air;air;air;air;air;air;air;air;air;air;air;air;air;air;air;air;air;air;air;air;air;air;air
air;air;air;grass;grass;air;dirt;dirt;air;air;air;air;air;air;air;air;air;dirt;dirt;dirt;air;air;air;air;air;grass;air;dirt;dirt;dirt;air;air;air;air;air;air;air;air;air;air;air;air;air;air;air;air;air;air;air;air;air;air;air;air;air;air;air;air;air;air;air;air;air;air;air;air;air;air;air;air;air;air;air;air;air;air;air;air;air;air;air;air;air;air;air;air;air;air;air;air;air;air;air;air;air;air;air;air;air;air;air;air;air;air;air;air;air;air;air;air;air;air;air;air;air;air;air;air;air;air;air;air;air;air;air;air;air;air;air;air;air;air;air;upgrade;air;air;air;air;air;air;air;air;air;air;air;air;air;air;air;air;air;air;air;air;air;air;air;air;air;air;air;air;air;air;air;air;air;air;air;air;air;air;air;air;air;air;air;air;air;air;air;air;air
air;air;grass;dirt;dirt;air;air;air;air;air;air;air;air;air;air;air;crate;dirt;dirt;dirt;air;air;air;air;air;dirt;air;air;air;air;air;air;air;air;air;air;air;air;air;grass;grass;air;air;air;air;air;air;air;air;air;air;air;air;air;air;air;air;air;air;air;air;air;air;air;air;air;air;air;air;air;air;air;air;air;air;air;grass;air;grass;air;grass;air;grass;air;grass;air;air;air;air;air;air;air;air;air;air;air;air;air;air;air;air;air;air;air;air;air;air;air;air;air;air;air;air;air;air;air;air;air;air;air;grass;grass;grass;air;air;air;air;air;air;air;air;air;air;air;air;air;air;air;air;air;air;air;air;air;air;air;air;air;air;air;air;air;air;air;air;air;air;air;air;air;air;air;air;air;air;air;air;air;air;air;air;air;air;air;air;air;air;air;air;air;air;air;air
air;grass;dirt;dirt;air;air;air;air;air;grass;air;air;air;air;air;crate;air;dirt;dirt;dirt;air;air;air;air;grass;dirt;air;air;air;air;air;air;air;air;air;air;air;air;air;dirt;dirt;air;grass;air;air;air;air;air;air;air;air;air;air;air;air;air;air;air;air;air;air;upgrade;air;air;air;air;air;air;air;air;air;air;air;air;air;air;air;air;air;air;air;air;air;air;air;air;air;air;air;air;air;air;air;air;air;air;air;air;air;air;air;air;air;air;air;air;air;air;air;air;air;air;air;air;air;air;air;air;air;air;dirt;dirt;dirt;air;air;grass;air;grass;air;air;grass;air;air;air;air;air;air;air;air;grass;grass;air;air;air;air;air;air;air;air;air;air;air;air;air;air;air;air;air;air;air;air;air;air;air;air;air;air;air;air;air;air;air;air;air;air;air;air;air;air;air;air;air;air
air;dirt;dirt;dirt;air;air;air;air;air;dirt;air;air;crate;crate;crate;air;air;air;air;air;air;air;air;air;dirt;dirt;air;air;air;air;air;air;air;air;air;air;air;air;air;air;air;air;dirt;air;air;grass;air;air;air;air;air;air;air;air;air;air;air;air;air;air;air;air;air;air;air;air;air;air;air;air;air;air;air;air;air;air;air;air;air;air;air;air;air;air;air;air;air;air;air;air;air;air;air;air;air;air;air;air;air;grass;grass;air;air;air;air;air;air;air;air;air;grass;grass;grass;air;air;air;air;air;air;air;dirt;dirt;dirt;air;air;air;air;air;air;air;air;air;air;air;air;air;air;air;air;air;air;air;air;air;air;air;air;air;air;air;air;air;air;air;air;air;air;crate;upgrade;crate;upgrade;crate;upgrade;crate;upgrade;air;air;air;air;air;air;air;air;air;air;air;air;air;air;air;air;air;air
grass;dirt;dirt;dirt;grass;grass;air;air;grass;dirt;grass;air;air;air;air;air;air;air;air;air;air;grass;grass;grass;dirt;dirt;grass;air;air;air;air;air;air;air;air;air;air;air;air;air;air;air;dirt;grass;grass;dirt;grass;grass;air;air;air;air;air;air;air;air;air;air;air;air;air;air;air;air;air;air;grass;grass;grass;air;air;air;grass;air;grass;air;air;air;air;air;air;air;air;air;air;air;air;air;upgrade;air;air;air;air;air;air;air;grass;grass;air;dirt;dirt;air;air;air;air;air;air;air;air;air;dirt;dirt;dirt;air;air;air;air;air;grass;air;dirt;dirt;dirt;air;air;air;air;air;air;air;air;air;air;air;air;air;air;grass;grass;air;air;air;air;air;air;air;air;air;air;air;air;air;air;air;air;air;air;air;air;air;air;air;air;air;air;air;air;air;air;air;air;air;air;air;air;air;air;air;air;air;air;air;air
dirt;dirt;dirt;dirt;dirt;dirt;air;air;dirt;dirt;dirt;air;air;air;air;grass;air;air;air;grass;grass;dirt;dirt;dirt;dirt;dirt;dirt;air;air;air;air;air;air;air;air;air;air;air;air;air;air;air;dirt;dirt;dirt;dirt;dirt;dirt;air;air;air;air;air;air;air;air;air;air;air;air;air;air;air;grass;grass;grass;dirt;dirt;dirt;air;air;air;air;air;air;air;air;air;air;air;air;air;air;air;air;air;air;air;air;air;air;air;air;air;air;grass;dirt;dirt;air;air;air;air;air;air;air;air;air;air;air;air;dirt;dirt;dirt;air;air;air;air;air;dirt;air;air;air;air;air;air;air;air;air;air;air;air;air;grass;grass;air;air;air;air;air;air;air;air;air;air;air;air;air;air;air;air;air;air;air;air;air;air;air;air;air;air;air;air;air;air;air;air;air;air;air;grass;air;grass;air;grass;air;grass;air;air;air;air;air;air;air
dirt;dirt;dirt;dirt;dirt;dirt;air;air;dirt;dirt;dirt;air;air;air;air;dirt;air;air;air;dirt;dirt;dirt;dirt;dirt;dirt;dirt;dirt;air;air;air;air;air;air;air;air;air;air;air;air;air;air;air;dirt;dirt;dirt;dirt;dirt;dirt;air;air;air;air;air;air;air;air;air;air;air;grass;grass;grass;air;dirt;dirt;dirt;dirt;dirt;dirt;air;air;air;air;air;air;air;air;air;air;air;air;air;air;air;air;air;air;air;air;air;air;air;air;air;grass;dirt;dirt;air;air;air;air;air;grass;air;air;air;air;air;air;air;dirt;dirt;dirt;air;air;air;air;grass;dirt;air;air;air;air;air;air;air;air;air;air;air;air;air;dirt;dirt;air;grass;air;air;air;air;air;air;air;air;air;air;air;air;air;air;air;air;air;air;air;air;air;air;air;air;air;air;air;air;air;air;air;air;air;air;air;air;air;air;air;air;air;air;air;air;air;air;air
dirt;dirt;dirt;dirt;dirt;dirt;air;air;dirt;dirt;dirt;air;grass;air;dirt;dirt;dirt;air;air;bricks;bricks;bricks;bricks;bricks;bricks;bricks;bricks;air;air;air;air;air;air;air;air;grass;grass;grass;air;air;air;air;dirt;dirt;dirt;dirt;dirt;dirt;air;air;air;air;air;air;air;air;grass;grass;grass;dirt;dirt;dirt;air;dirt;dirt;dirt;dirt;dirt;dirt;air;air;air;air;air;air;air;air;air;air;air;air;air;air;air;air;air;air;air;air;air;air;air;air;air;dirt;dirt;dirt;air;air;air;air;air;dirt;air;air;air;air;air;air;air;air;air;air;air;air;air;air;dirt;dirt;air;air;air;air;air;air;air;air;air;air;air;air;air;air;air;air;dirt;air;air;grass;air;air;air;air;air;air;air;air;upgrade;air;air;air;air;air;air;air;air;air;air;air;air;air;air;air;air;air;air;air;air;air;air;air;air;air;air;air;air;air;air;air;air;air;air;air
dirt;dirt;dirt;dirt;dirt;dirt;air;air;air;air;air;air;dirt;air;dirt;dirt;dirt;grass;air;air;air;air;air;air;air;air;air;air;air;air;air;air;air;air;air;dirt;dirt;dirt;air;air;air;air;dirt;dirt;dirt;dirt;dirt;dirt;air;air;air;air;air;air;air;air;dirt;dirt;dirt;dirt;dirt;dirt;air;dirt;dirt;dirt;dirt;dirt;dirt;air;air;air;air;air;air;air;air;grass;grass;grass;air;air;grass;grass;air;air;air;air;air;air;air;air;air;grass;dirt;dirt;dirt;grass;grass;air;air;grass;dirt;grass;air;air;air;air;air;air;air;air;air;air;grass;grass;grass;dirt;dirt;grass;air;air;air;air;air;air;air;air;air;air;air;air;air;air;air;dirt;grass;grass;dirt;grass;grass;air;air;air;air;air;air;air;air;air;air;air;air;air;air;air;air;air;air;grass;grass;grass;air;air;air;grass;air;grass;air;air;air;air;air;air;air;air;air;air;air;air;air;air;air
dirt;dirt;dirt;dirt;dirt;dirt;air;air;air;air;air;air;dirt;air;dirt;dirt;dirt;dirt;air;crate;upgrade;crate;upgrade;crate;upgrade;crate;upgrade;air;air;air;air;air;air;air;air;dirt;dirt;dirt;air;air;air;air;dirt;dirt;dirt;dirt;dirt;dirt;grass;air;air;air;air;air;air;air;dirt;dirt;dirt;air;air;air;air;dirt;dirt;dirt;dirt;dirt;dirt;air;air;air;air;air;air;air;air;dirt;dirt;dirt;air;air;dirt;dirt;air;air;air;air;air;air;air;air;air;dirt;dirt;dirt;dirt;dirt;dirt;air;air;dirt;dirt;dirt;air;air;air;air;grass;air;air;air;air;air;dirt;dirt;dirt;dirt;dirt;dirt;air;air;air;air;air;air;air;air;air;air;air;air;air;air;air;dirt;dirt;dirt;dirt;dirt;dirt;air;air;air;air;air;air;air;air;air;air;air;air;air;air;air;grass;grass;grass;dirt;dirt;dirt;air;air;air;dirt;air;dirt;air;air;air;air;air;air;air;air;air;air;air;air;air;air;air
dirt;dirt;dirt;dirt;dirt;dirt;air;air;air;air;air;grass;dirt;grass;dirt;dirt;dirt;dirt;air;air;air;air;air;air;air;air;air;air;air;air;air;air;air;air;air;dirt;dirt;dirt;air;air;air;air;dirt;dirt;dirt;dirt;dirt;dirt;dirt;air;air;air;grass;air;air;air;dirt;dirt;dirt;air;air;air;air;dirt;dirt;dirt;dirt;dirt;dirt;air;air;air;air;air;air;air;air;dirt;dirt;dirt;air;air;dirt;dirt;air;air;air;air;air;air;air;air;air;dirt;dirt;dirt;dirt;dirt;dirt;air;air;dirt;dirt;dirt;air;air;air;air;dirt;air;air;air;air;air;dirt;dirt;dirt;dirt;dirt;dirt;air;air;air;air;air;air;air;air;air;air;air;air;air;air;air;dirt;dirt;dirt;dirt;dirt;dirt;air;air;air;air;air;air;air;air;air;air;air;grass;grass;grass;air;dirt;dirt;dirt;dirt;dirt;dirt;air;air;air;dirt;air;dirt;air;air;air;air;air;air;air;air;air;air;air;air;air;air;air
dirt;dirt;dirt;dirt;dirt;dirt;air;air;air;air;air;dirt;dirt;dirt;dirt;dirt;dirt;dirt;air;air;air;air;air;air;air;air;air;air;air;air;air;air;grass;grass;grass;dirt;dirt;dirt;air;air;air;air;dirt;dirt;dirt;dirt;dirt;dirt;dirt;air;air;air;dirt;grass;grass;grass;dirt;dirt;dirt;air;air;air;air;dirt;dirt;dirt;dirt;dirt;dirt;air;air;air;air;air;air;air;air;dirt;dirt;dirt;air;air;dirt;dirt;air;air;air;air;air;grass;grass;grass;grass;dirt;dirt;dirt;dirt;dirt;dirt;air;air;dirt;dirt;dirt;air;air;air;grass;dirt;grass;air;air;air;air;dirt;dirt;dirt;dirt;dirt;dirt;air;air;air;air;air;air;air;air;grass;grass;grass;air;air;air;air;dirt;dirt;dirt;dirt;dirt;dirt;air;air;air;air;air;air;air;air;grass;grass;grass;dirt;dirt;dirt;air;dirt;dirt;dirt;dirt;dirt;dirt;air;air;air;dirt;air;dirt;air;air;air;air;air;air;air;air;air;air;air;air;air;air;air
dirt;dirt;dirt;dirt;dirt;dirt;air;air;air;air;air;dirt;dirt;dirt;dirt;dirt;dirt;dirt;air;bricks;bricks;bricks;bricks;bricks;bricks;bricks;bricks;bricks;air;air;air;air;dirt;dirt;dirt;dirt;dirt;dirt;air;air;air;air;dirt;dirt;dirt;dirt;dirt;dirt;air;air;air;air;dirt;dirt;dirt;dirt;dirt;dirt;dirt;air;air;air;air;dirt;dirt;dirt;dirt;dirt;dirt;air;air;air;air;air;grass;grass;grass;dirt;dirt;dirt;air;air;dirt;dirt;air;air;air;air;air;dirt;dirt;dirt;dirt;dirt;dirt;dirt;dirt;dirt;dirt;air;air;air;air;air;air;grass;air;dirt;dirt;dirt;air;air;air;air;dirt;dirt;dirt;dirt;dirt;dirt;air;air;air;air;air;air;air;air;dirt;dirt;dirt;air;air;air;air;dirt;dirt;dirt;dirt;grass;grass;grass;grass;grass;grass;grass;grass;grass;grass;dirt;dirt;dirt;dirt;dirt;dirt;grass;dirt;dirt;dirt;dirt;dirt;dirt;grass;grass;grass;dirt;grass;dirt;grass;grass;grass;grass;grass;grass;grass;grass;grass;grass;grass;grass;grass;grass;grass
dirt;dirt;dirt;dirt;dirt;dirt;air;air;air;air;air;dirt;dirt;dirt;dirt;dirt;dirt;dirt;air;dirt;dirt;dirt;dirt;dirt;dirt;dirt;dirt;dirt;air;air;air;grass;dirt;dirt;dirt;dirt;dirt;dirt;air;air;air;air;dirt;dirt;dirt;dirt;dirt;dirt;air;air;air;air;air;dirt;dirt;dirt;dirt;dirt;dirt;air;air;air;air;dirt;dirt;dirt;dirt;dirt;dirt;air;air;air;air;air;dirt;dirt;dirt;dirt;dirt;dirt;air;air;dirt;dirt;air;air;air;air;air;dirt;dirt;dirt;dirt;dirt;dirt;dirt;dirt;dirt;dirt;air;air;air;air;air;air;grass;air;dirt;dirt;dirt;air;air;air;air;dirt;dirt;dirt;dirt;dirt;dirt;air;air;air;air;air;air;air;air;dirt;dirt;dirt;air;air;air;air;dirt;dirt;dirt;dirt;dirt;dirt;dirt;dirt;dirt;dirt;dirt;dirt;dirt;dirt;dirt;dirt;dirt;dirt;dirt;dirt;dirt;dirt;dirt;dirt;dirt;dirt;dirt;dirt;dirt;dirt;dirt;dirt;dirt;dirt;dirt;dirt;dirt;dirt;dirt;dirt;dirt;dirt;dirt;dirt;dirt;dirt;dirt;dirt
dirt;dirt;dirt;dirt;dirt;dirt;air;air;grass;air;air;dirt;dirt;dirt;dirt;dirt;dirt;air;air;air;air;dirt;dirt;dirt;dirt;dirt;dirt;dirt;air;grass;air;dirt;dirt;dirt;dirt;dirt;dirt;dirt;air;air;air;air;dirt;dirt;dirt;dirt;dirt;dirt;air;air;grass;air;air;dirt;dirt;dirt;dirt;dirt;dirt;air;air;air;air;dirt;dirt;dirt;dirt;dirt;dirt;air;air;air;air;air;dirt;dirt;dirt;dirt;dirt;dirt;air;air;dirt;dirt;air;air;air;air;air;dirt;dirt;dirt;dirt;dirt;dirt;dirt;dirt;dirt;dirt;air;air;air;air;air;air;grass;air;dirt;dirt;dirt;air;air;air;air;dirt;dirt;dirt;dirt;dirt;dirt;air;air;air;air;air;air;air;air;dirt;dirt;dirt;air;air;air;air;dirt;dirt;dirt;dirt;dirt;dirt;dirt;dirt;dirt;dirt;dirt;dirt;dirt;dirt;dirt;dirt;dirt;dirt;dirt;dirt;dirt;dirt;dirt;dirt;dirt;dirt;dirt;dirt;dirt;dirt;dirt;dirt;dirt;dirt;dirt;dirt;dirt;dirt;dirt;dirt;dirt;dirt;dirt;dirt;dirt;dirt;dirt;dirt
dirt;dirt;dirt;dirt;dirt;dirt;air;air;dirt;grass;grass;dirt;dirt;dirt;dirt;dirt;dirt;air;air;air;air;dirt;dirt;dirt;dirt;dirt;dirt;air;air;dirt;air;dirt;dirt;dirt;dirt;dirt;dirt;dirt;air;air;air;air;dirt;dirt;dirt;dirt;dirt;dirt;air;air;dirt;air;air;dirt;dirt;dirt;dirt;dirt;dirt;air;air;air;air;dirt;dirt;dirt;dirt;dirt;dirt;grass;grass;grass;air;air;dirt;dirt;dirt;dirt;dirt;dirt;air;air;dirt;dirt;air;air;air;air;air;dirt;dirt;dirt;dirt;dirt;dirt;dirt;dirt;dirt;dirt;air;air;air;air;air;air;grass;air;dirt;dirt;dirt;air;air;air;air;dirt;dirt;dirt;dirt;dirt;dirt;air;air;air;air;air;air;air;air;dirt;dirt;dirt;air;air;air;air;dirt;dirt;dirt;dirt;dirt;dirt;dirt;dirt;dirt;dirt;dirt;dirt;dirt;dirt;dirt;dirt;dirt;dirt;dirt;dirt;dirt;dirt;dirt;dirt;dirt;dirt;dirt;dirt;dirt;dirt;dirt;dirt;dirt;dirt;dirt;dirt;dirt;dirt;dirt;dirt;dirt;dirt;dirt;dirt;dirt;dirt;dirt;dirt
dirt;dirt;dirt;dirt;dirt;dirt;air;air;dirt;dirt;dirt;dirt;dirt;dirt;dirt;dirt;dirt;air;air;air;air;dirt;dirt;dirt;dirt;dirt;dirt;air;air;dirt;air;air;dirt;dirt;dirt;dirt;dirt;dirt;air;air;air;air;dirt;dirt;dirt;dirt;dirt;dirt;air;air;dirt;air;air;dirt;dirt;dirt;dirt;dirt;dirt;air;air;air;air;dirt;dirt;dirt;dirt;dirt;dirt;dirt;dirt;dirt;air;air;dirt;dirt;dirt;dirt;dirt;dirt;air;air;dirt;dirt;air;air;air;air;air;dirt;dirt;dirt;dirt;dirt;dirt;dirt;dirt;dirt;dirt;air;air;air;air;air;air;grass;air;dirt;dirt;dirt;air;air;air;air;dirt;dirt;dirt;dirt;dirt;dirt;air;air;air;air;air;air;air;air;dirt;dirt;dirt;air;air;air;air;dirt;dirt;dirt;dirt;dirt;dirt;dirt;dirt;dirt;dirt;dirt;dirt;dirt;dirt;dirt;dirt;dirt;dirt;dirt;dirt;dirt;dirt;dirt;dirt;dirt;dirt;dirt;dirt;dirt;dirt;dirt;dirt;dirt;dirt;dirt;dirt;dirt;dirt;dirt;dirt;dirt;dirt;dirt;dirt;dirt;dirt;dirt;dirt
dirt;dirt;dirt;dirt;dirt;dirt;air;air;dirt;air;air;dirt;dirt;dirt;dirt;dirt;dirt;air;air;air;air;dirt;dirt;dirt;dirt;dirt;dirt;air;air;dirt;air;air;dirt;dirt;dirt;dirt;dirt;dirt;air;air;air;air;dirt;dirt;dirt;dirt;dirt;dirt;air;air;dirt;air;air;dirt;dirt;dirt;dirt;dirt;dirt;air;air;air;air;dirt;dirt;dirt;dirt;dirt;dirt;dirt;dirt;dirt;air;air;dirt;dirt;dirt;dirt;dirt;dirt;air;air;dirt;dirt;air;air;air;air;air;dirt;dirt;dirt;dirt;dirt;dirt;dirt;dirt;dirt;dirt;air;air;air;air;air;air;grass;air;dirt;dirt;dirt;air;air;air;air;dirt;dirt;dirt;dirt;dirt;dirt;air;air;air;air;air;air;air;air;dirt;dirt;dirt;air;air;air;air;dirt;dirt;dirt;dirt;dirt;dirt;dirt;dirt;dirt;dirt;dirt;dirt;dirt;dirt;dirt;dirt;dirt;dirt;dirt;dirt;dirt;dirt;dirt;dirt;dirt;dirt;dirt;dirt;dirt;dirt;dirt;dirt;dirt;dirt;dirt;dirt;dirt;dirt;dirt;dirt;dirt;dirt;dirt;dirt;dirt;dirt;dirt;dirt
;;;;;;;;;;;;;;;;;;;;;;;;;;;;;;;;;;;;;;;;;;;;;;;;;;;;;;;;;;;;;;;;;;;;;;;;;;;;;;;;;;;;;;;;;;;;;;;;;;;;;;;;;;;;;;;;;;;;;;;;;;;;;;;;;;;;;;;;;;;;;;;;;;;;;;;;;;;;;;;;;;;;;;;;;;;;;;;;;;;;;;
;;;;;;;;;;;;;;;;;;;;;;;;;;;;;;;;;;;;;;;;;;;;;;;;;;;;;;;;;;;;;;;;;;;;;;;;;;;;;;;;;;;;;;;;;;;;;;;;;;;;;;;;;;;;;;;;;;;;;;;;;;;;;;;;;;;;;;;;;;;;;;;;;;;;;;;;;;;;;;;;;;;;;;;;;;;;;;;;;;;;;;
;;;;;;;;;;;;;;;;;;;;;;;;;;;;;;;;;;;;;;;;;;;;;;;;;;;;;;;;;;;;;;;;;;;;;;;;;;;;;;;;;;;;;;;;;;;;;;;;;;;;;;;;;;;;;;;;;;;;;;;;;;;;;;;;;;;;;;;;;;;;;;;;;;;;;;;;;;;;;;;;;;;;;;;;;;;;;;;;;;;;;;
;;;;;;;;;;;;;;;;;;;;;;;;;;;;;;;;;;;;;;;;;;;;;;;;;;;;;;;;;;;;;;;;;;;;;;;;;;;;;;;;;;;;;;;;;;;;;;;;;;;;;;;;;;;;;;;;;;;;;;;;;;;;;;;;;;;;;;;;;;;;;;;;;;;;;;;;;;;;;;;;;;;;;;;;;;;;;;;;;;;;;;
;;;;;;;;;;;;;;;;;;;;;;;;;;;;;;;;;;;;;;;;;;;;;;;;;;;;;;;;;;;;;;;;;;;;;;;;;;;;;;;;;;;;;;;;;;;;;;;;;;;;;;;;;;;;;;;;;;;;;;;;;;;;;;;;;;;;;;;;;;;;;;;;;;;;;;;;;;;;;;;;;;;;;;;;;;;;;;;;;;;;;;
;;;;;;;;;;;;;;;;;;;;;;;;;;;;;;;;;;;;;;;;;;;;;;;;;;;;;;;;;;;;;;;;;;;;;;;;;;;;;;;;;;;;;;;;;;;;;;;;;;;;;;;;;;;;;;;;;;;;;;;;;;;;;;;;;;;;;;;;;;;;;;;;;;;;;;;;;;;;;;;;;;;;;;;;;;;;;;;;;;;;;;
;;;;;;;;;;;;;;;;;;;;;;;;;;;;;;;;;;;;;;;;;;;;;;;;;;;;;;;;;;;;;;;;;;;;;;;;;;;;;;;;;;;;;;;;;;;;;;;;;;;;;;;;;;;;;;;;;;;;;;;;;;;;;;;;;;;;;;;;;;;;;;;;;;;;;;;;;;;;;;;;;;;;;;;;;;;;;;;;;;;;;;
;;;;;;;;;;;;;;;;;;;;;;;;;;;;;;;;;;;;;;;;;;;;;;;;;;;;;;;;;;;;;;;;;;;;;;;;;;;;;;;;;;;;;;;;;;;;;;;;;;;;;;;;;;;;;;;;;;;;;;;;;;;;;;;;;;;;;;;;;;;;;;;;;;;;;;;;;;;;;;;;;;;;;;;;;;;;;;;;;;;;;;
;;;;;;;;;;;;;;;;;;;;;;;;;;;;;;;;;;;;;;;;;;;;;;;;;;;;;;;;;;;;;;;;;;;;;;;;;;;;;;;;;;;;;;;;;;;;;;;;;;;;;;;;;;;;;;;;;;;;;;;;;;;;;;;;;;;;;;;;;;;;;;;;;;;;;;;;;;;;;;;;;;;;;;;;;;;;;;;;;;;;;;
;;;;;;;;;;;;;;;;;;;;;;;;;;;;;;;;;;;;;;;;;;;;;;;;;;;;;;;;;;;;;;;;;;;;;;;;;;;;;;;;;;;;;;;;;;;;;;;;;;;;;;;;;;;;;;;;;;;;;;;;;;;;;;;;;;;;;;;;;;;;;;;;;;;;;;;;;;;;;;;;;;;;;;;;;;;;;;;;;;;;;;
;;;;;;;;;;;;;;;;;;;;;;;;;;;;;;;;;;;;;;;;;;;;;;;;;;;;;;;;;;;;;;;;;;;;;;;;;;;;;;;;;;;;;;;;;;;;;;;;;;;;;;;;;;;;;;;;;;;;;;;;;;;;;;;;;;;;;;;;;;;;;;;;;;;;;;;;;;;;;;;;;;;;;;;;;;;;;;;;;;;;;;
;;;;;;;;;;;;;;;;;;;;;;;;;;;;;;;;;;;;;;;;;;;;;;;;;;;;;;;;;;;;;;;;;;;;;;;;;;;;;;;;;;;;;;;;;;;;;;;;;;;;;;;;;;;;;;;;;;;;;;;;;;;;;;;;;;;;;;;;;;;;;;;;;;;;;;;;;;;;;;;;;;;;;;;;;;;;;;;;;;;;;;
;;;;;;;;;;;;;;;;;;;;;;;;;;;;;;;;;;;;;;;;;;;;;;;;;;;;;;;;;;;;;;;;;;;;;;;;;;;;;;;;;;;;;;;;;;;;;;;;;;;;;;;;;;;;;;;;;;;;;;;;;;;;;;;;;;;;;;;;;;;;;;;;;;;;;;;;;;;;;;;;;;;;;;;;;;;;;;;;;;;;;;
;;;;;;;;;;;;;;;;;;;;;;;;;;;;;;;;;;;;;;;;;;;;;;;;;;;;;;;;;;;;;;;;;;;;;;;;;;;;;;;;;;;;;;;;;;;;;;;;;;;;;;;;;;;;;;;;;;;;;;;;;;;;;;;;;;;;;;;;;;;;;;;;;;;;;;;;;;;;;;;;;;;;;;;;;;;;;;;;;;;;;;
;;;;;;;;;;;;;;;;;;;;;;;;;;;;;;;;;;;;;;;;;;;;;;;;;;;;;;;;;;;;;;;;;;;;;;;;;;;;;;;;;;;;;;;;;;;;;;;;;;;;;;;;;;;;;;;;;;;;;;;;;;;;;;;;;;;;;;;;;;;;;;;;;;;;;;;;;;;;;;;;;;;;;;;;;;;;;;;;;;;;;;
;;;;;;;;;;;;;;;;;;;;;;;;;;;;;;;;;;;;;;;;;;;;;;;;;;;;;;;;;;;;;;;;;;;;;;;;;;;;;;;;;;;;;;;;;;;;;;;;;;;;;;;;;;;;;;;;;;;;;;;;;;;;;;;;;;;;;;;;;;;;;;;;;;;;;;;;;;;;;;;;;;;;;;;;;;;;;;;;;;;;;;
;;;;;;;;;;;;;;;;;;;;;;;;;;;;;;;;;;;;;;;;;;;;;;;;;;;;;;;;;;;;;;;;;;;;;;;;;;;;;;;;;;;;;;;;;;;;;;;;;;;;;;;;;;;;;;;;;;;;;;;;;;;;;;;;;;;;;;;;;;;;;;;;;;;;;;;;;;;;;;;;;;;;;;;;;;;;;;;;;;;;;;
;;;;;;;;;;;;;;;;;;;;;;;;;;;;;;;;;;;;;;;;;;;;;;;;;;;;;;;;;;;;;;;;;;;;;;;;;;;;;;;;;;;;;;;;;;;;;;;;;;;;;;;;;;;;;;;;;;;;;;;;;;;;;;;;;;;;;;;;;;;;;;;;;;;;;;;;;;;;;;;;;;;;;;;;;;;;;;;;;;;;;;
;;;;;;;;;;;;;;;;;;;;;;;;;;;;;;;;;;;;;;;;;;;;;;;;;;;;;;;;;;;;;;;;;;;;;;;;;;;;;;;;;;;;;;;;;;;;;;;;;;;;;;;;;;;;;;;;;;;;;;;;;;;;;;;;;;;;;;;;;;;;;;;;;;;;;;;;;;;;;;;;;;;;;;;;;;;;;;;;;;;;;;
;;;;;;;;;;;;;;;;;;;;;;;;;;;;;;;;;;;;;;;;;;;;;;;;;;;;;;;;;;;;;;;;;;;;;;;;;;;;;;;;;;;;;;;;;;;;;;;;;;;;;;;;;;;;;;;;;;;;;;;;;;;;;;;;;;;;;;;;;;;;;;;;;;;;;;;;;;;;;;;;;;;;;;;;;;;;;;;;;;;;;;
;;;;;;;;;;;;;;;;;;;;;;;;;;;;;;;;;;;;;;;;;;;;;;;;;;;;;;;;;;;;;;;;;;;;;;;;;;;;;;;;;;;;;;;;;;;;;;;;;;;;;;;;;;;;;;;;;;;;;;;;;;;;;;;;;;;;;;;;;;;;;;;;;;;;;;;;;;;;;;;;;;;;;;;;;;;;;;;;;;;;;;
;;;;;;;;;;;;;;;;;;;;;;;;;;;;;;;;;;;;;;;;;;;;;;;;;;;;;;;;;;;;;;;;;;;;;;;;;;;;;;;;;;;;;;;;;;;;;;;;;;;;;;;;;;;;;;;;;;;;;;;;;;;;;;;;;;;;;;;;;;;;;;;;;;;;;;;;;;;;;;;;;;;;;;;;;;;;;;;;;;;;;;
